Workbook

Sheet 대시보드
B2: MYTEMPO 출시 준비 대시보드
B3: 2026-08-01 기준 · 상태를 바꾸면 아래 수치가 자동으로 갱신됩니다
B5: 전체 준비율
B6: =COUNTIF(체크리스트!J2:J124,"완료") -> 6 | C6: =COUNTA(체크리스트!A2:A124)-COUNTIF(체크리스트!J2:J124,"해당없음") -> 123 | D6: =IFERROR(B6/C6,0) -> 0.048780488
B7: 완료 | C7: 대상 | D7: 준비율
B9: 카테고리별
B10: 카테고리 | C10: 전체 | D10: 완료 | E10: 진행중 | F10: 대기 | G10: 차단 | H10: 준비율
B11: 법무 | C11: =COUNTIF(체크리스트!$B$2:$B$124,$B11) -> 13 | D11: =COUNTIFS(체크리스트!$B$2:$B$124,$B11,체크리스트!$J$2:$J$124,"완료") -> 1 | E11: =COUNTIFS(체크리스트!$B$2:$B$124,$B11,체크리스트!$J$2:$J$124,"진행중") -> 1 | F11: =COUNTIFS(체크리스트!$B$2:$B$124,$B11,체크리스트!$J$2:$J$124,"대기") -> 10 | G11: =COUNTIFS(체크리스트!$B$2:$B$124,$B11,체크리스트!$J$2:$J$124,"차단") -> 1 | H11: =IFERROR(D11/C11,0) -> 0.076923077
B12: 스토어 | C12: =COUNTIF(체크리스트!$B$2:$B$124,$B12) -> 23 | D12: =COUNTIFS(체크리스트!$B$2:$B$124,$B12,체크리스트!$J$2:$J$124,"완료") -> 1 | E12: =COUNTIFS(체크리스트!$B$2:$B$124,$B12,체크리스트!$J$2:$J$124,"진행중") -> 0 | F12: =COUNTIFS(체크리스트!$B$2:$B$124,$B12,체크리스트!$J$2:$J$124,"대기") -> 22 | G12: =COUNTIFS(체크리스트!$B$2:$B$124,$B12,체크리스트!$J$2:$J$124,"차단") -> 0 | H12: =IFERROR(D12/C12,0) -> 0.043478261
B13: 제품 | C13: =COUNTIF(체크리스트!$B$2:$B$124,$B13) -> 32 | D13: =COUNTIFS(체크리스트!$B$2:$B$124,$B13,체크리스트!$J$2:$J$124,"완료") -> 0 | E13: =COUNTIFS(체크리스트!$B$2:$B$124,$B13,체크리스트!$J$2:$J$124,"진행중") -> 1 | F13: =COUNTIFS(체크리스트!$B$2:$B$124,$B13,체크리스트!$J$2:$J$124,"대기") -> 30 | G13: =COUNTIFS(체크리스트!$B$2:$B$124,$B13,체크리스트!$J$2:$J$124,"차단") -> 1 | H13: =IFERROR(D13/C13,0) -> 0
B14: 브랜드 | C14: =COUNTIF(체크리스트!$B$2:$B$124,$B14) -> 12 | D14: =COUNTIFS(체크리스트!$B$2:$B$124,$B14,체크리스트!$J$2:$J$124,"완료") -> 3 | E14: =COUNTIFS(체크리스트!$B$2:$B$124,$B14,체크리스트!$J$2:$J$124,"진행중") -> 2 | F14: =COUNTIFS(체크리스트!$B$2:$B$124,$B14,체크리스트!$J$2:$J$124,"대기") -> 5 | G14: =COUNTIFS(체크리스트!$B$2:$B$124,$B14,체크리스트!$J$2:$J$124,"차단") -> 2 | H14: =IFERROR(D14/C14,0) -> 0.25
B15: 수익화 | C15: =COUNTIF(체크리스트!$B$2:$B$124,$B15) -> 12 | D15: =COUNTIFS(체크리스트!$B$2:$B$124,$B15,체크리스트!$J$2:$J$124,"완료") -> 1 | E15: =COUNTIFS(체크리스트!$B$2:$B$124,$B15,체크리스트!$J$2:$J$124,"진행중") -> 1 | F15: =COUNTIFS(체크리스트!$B$2:$B$124,$B15,체크리스트!$J$2:$J$124,"대기") -> 10 | G15: =COUNTIFS(체크리스트!$B$2:$B$124,$B15,체크리스트!$J$2:$J$124,"차단") -> 0 | H15: =IFERROR(D15/C15,0) -> 0.083333333
B16: 분석 | C16: =COUNTIF(체크리스트!$B$2:$B$124,$B16) -> 8 | D16: =COUNTIFS(체크리스트!$B$2:$B$124,$B16,체크리스트!$J$2:$J$124,"완료") -> 0 | E16: =COUNTIFS(체크리스트!$B$2:$B$124,$B16,체크리스트!$J$2:$J$124,"진행중") -> 0 | F16: =COUNTIFS(체크리스트!$B$2:$B$124,$B16,체크리스트!$J$2:$J$124,"대기") -> 8 | G16: =COUNTIFS(체크리스트!$B$2:$B$124,$B16,체크리스트!$J$2:$J$124,"차단") -> 0 | H16: =IFERROR(D16/C16,0) -> 0
B17: 운영 | C17: =COUNTIF(체크리스트!$B$2:$B$124,$B17) -> 13 | D17: =COUNTIFS(체크리스트!$B$2:$B$124,$B17,체크리스트!$J$2:$J$124,"완료") -> 0 | E17: =COUNTIFS(체크리스트!$B$2:$B$124,$B17,체크리스트!$J$2:$J$124,"진행중") -> 0 | F17: =COUNTIFS(체크리스트!$B$2:$B$124,$B17,체크리스트!$J$2:$J$124,"대기") -> 13 | G17: =COUNTIFS(체크리스트!$B$2:$B$124,$B17,체크리스트!$J$2:$J$124,"차단") -> 0 | H17: =IFERROR(D17/C17,0) -> 0
B18: 출시 | C18: =COUNTIF(체크리스트!$B$2:$B$124,$B18) -> 10 | D18: =COUNTIFS(체크리스트!$B$2:$B$124,$B18,체크리스트!$J$2:$J$124,"완료") -> 0 | E18: =COUNTIFS(체크리스트!$B$2:$B$124,$B18,체크리스트!$J$2:$J$124,"진행중") -> 0 | F18: =COUNTIFS(체크리스트!$B$2:$B$124,$B18,체크리스트!$J$2:$J$124,"대기") -> 10 | G18: =COUNTIFS(체크리스트!$B$2:$B$124,$B18,체크리스트!$J$2:$J$124,"차단") -> 0 | H18: =IFERROR(D18/C18,0) -> 0
B19: 합계 | C19: =SUM(C11:C18) -> 123 | D19: =SUM(D11:D18) -> 6 | E19: =SUM(E11:E18) -> 5 | F19: =SUM(F11:F18) -> 108 | G19: =SUM(G11:G18) -> 4 | H19: =IFERROR(D19/C19,0) -> 0.048780488
B21: P0(출시 필수) 현황
B22: P0 전체 | C22: =COUNTIF(체크리스트!$H$2:$H$124,"P0") -> 84
B23: P0 완료 | C23: =COUNTIFS(체크리스트!$H$2:$H$124,"P0",체크리스트!$J$2:$J$124,"완료") -> 5
B24: P0 차단 | C24: =COUNTIFS(체크리스트!$H$2:$H$124,"P0",체크리스트!$J$2:$J$124,"차단") -> 2
B25: P0 준비율 | C25: =IFERROR(C23/C22,0) -> 0.05952381
B27: 읽는 법
B28: · 파란 글씨 칸(상태 / 증빙·링크 / 비고)만 채우면 됩니다. 나머지는 건드리지 마세요.
B29: · 상태는 드롭다운에서 고릅니다 — 완료 / 진행중 / 대기 / 차단 / 해당없음.
B30: · "차단"은 내가 할 수 없고 다른 사람·기관을 기다려야 하는 항목입니다. 매일 확인하세요.
B31: · "해당없음"으로 바꾸면 준비율 분모에서 빠집니다. 함부로 쓰지 마세요.
B32: · P0가 하나라도 남아 있으면 출시하지 않습니다. P1/P2는 출시 후 처리 가능합니다.
B33: · 상태는 2026-08-01 실제 진행 상황으로 채워져 있습니다. 추측으로 완료 처리하지 않았습니다.

Sheet 체크리스트
A1: ID | B1: 카테고리 | C1: 영역 | D1: 항목 | E1: 완료 기준 (Definition of Done) | F1: 안 하면 생기는 일 | G1: 담당 | H1: 우선순위 | I1: 목표 D-day | J1: 상태 | K1: 증빙 / 링크 | L1: 비고
A2: 법001 | B2: 법무 | C2: 상표 | D2: 마이템포/MYTEMPO 키프리스 상표 검색 | E2: 특허청 키프리스에서 동일·유사 상표 조회 결과를 캡처로 보관 | F2: 출시 후 상표권 분쟁 시 앱 이름을 통째로 바꿔야 함 | G2: golf-legal-privacy | H2: P0 | I2: D-28 | J2: 대기
A3: 법002 | B3: 법무 | C3: 상표 | D3: 상표 출원 여부 결정 (출원 / 보류) | E3: 출원한다면 출원번호, 보류한다면 보류 사유를 문서로 남김 | F3: 판단 근거가 없으면 나중에 같은 논의를 반복함 | G3: 창업자 | H3: P1 | I3: D-25 | J3: 대기
A4: 법003 | B4: 법무 | C4: 상표 | D4: 골프 관련 기존 상표 저촉 확인 (그린+골드 조합 포함) | E4: 오거스타 내셔널 등 색상 상표 이슈 재확인 결과 기록 | F4: 2026-07-30에 마스터즈 그린을 피한 판단의 근거가 문서에만 있고 재검증 안 됨 | G4: golf-legal-privacy | H4: P1 | I4: D-25 | J4: 대기
A5: 법004 | B5: 법무 | C5: 개인정보 | D5: 개인정보처리방침 본문 최종 검토 | E5: 수집 항목·보관 기간·제3자 제공·문의처가 실제 앱 동작과 일치 | F5: 실제와 다르면 스토어 심사 거절 + 법적 리스크 | G5: golf-legal-privacy | H5: P0 | I5: D-21 | J5: 진행중
A6: 법005 | B6: 법무 | C6: 개인정보 | D6: 개인정보처리방침 공개 URL 확보 | E6: Notion Share to web 활성화 후 접속 가능한 https URL | F6: Play 콘솔 필수 입력값이라 이게 없으면 제출 자체가 불가 | G6: 창업자 | H6: P0 | I6: D-21 | J6: 차단
A7: 법006 | B7: 법무 | C7: 개인정보 | D7: PostHog 도입 시 처리방침 갱신 | E7: 수집 이벤트·보관기간·해외이전(미국 서버) 명시 | F7: 계측 도입 후 방침 갱신을 잊으면 고지 누락 | G7: golf-legal-privacy | H7: P0 | I7: D-14 | J7: 대기
A8: 법007 | B8: 법무 | C8: 약관 | D8: 이용약관 초안 작성 | E8: 서비스 범위·유료 결제·환불·면책·준거법 포함 | F8: Lifetime 결제가 있는 이상 약관 없이 파는 건 위험 | G8: golf-legal-privacy | H8: P0 | I8: D-21 | J8: 대기
A9: 법008 | B9: 법무 | C9: 약관 | D9: 환불 정책 명시 (Play 정책 + 전자상거래법) | E9: Play 자동환불 48시간 + 국내법상 청약철회 기간을 약관에 반영 | F9: 분쟁 시 방어 근거가 없음 | G9: golf-legal-privacy | H9: P0 | I9: D-18 | J9: 대기
A10: 법009 | B10: 법무 | C10: 약관 | D10: 이용약관 공개 URL 확보 | E10: 앱 내 설정과 스토어 양쪽에서 접근 가능 | F10: 약관은 있는데 볼 수 없으면 없는 것과 같음 | G10: 창업자 | H10: P0 | I10: D-18 | J10: 대기
A11: 법010 | B11: 법무 | C11: 규제 | D11: 2025-02 전자상거래법 다크패턴 금지 항목 자체 점검 | E11: 가격 표시·해지 경로·자동갱신 여부를 체크리스트로 대조 | F11: 우리는 Lifetime이라 유리하지만 표시 의무는 여전히 적용 | G11: golf-legal-privacy | H11: P0 | I11: D-14 | J11: 대기
A12: 법011 | B12: 법무 | C12: 라이선스 | D12: 오픈소스 폰트 라이선스 고지 정확성 재확인 | E12: 설정 화면 고지 문구가 실제 번들된 폰트와 일치 | F12: 2026-07-31에 실제로 불일치했던 전례가 있음 | G12: golf-legal-privacy | H12: P1 | I12: D-14 | J12: 완료
A13: 법012 | B13: 법무 | C13: 라이선스 | D13: npm 의존성 라이선스 전수 점검 | E13: GPL/AGPL 계열 포함 여부 확인, 결과표 보관 | F13: 상용 배포 불가 라이선스가 섞이면 출시 후 회수 | G13: golf-legal-privacy | H13: P1 | I13: D-14 | J13: 대기
... A124: 출123 | B124: 출시 | C124: 사후 | D124: 회고 문서 작성 | E124: 무엇이 맞았고 무엇이 틀렸는지 | F124: 다음 제품을 위한 유일한 자산 | G124: golf-product-planner | H124: P1 | I124: D+30 | J124: 대기

Sheet 주차별 계획
B2: D-30 주차별 계획
B3: 순서에 이유가 있습니다 — 승인 대기가 있는 일(계정·상표·URL)을 가장 앞에 둡니다.
B5: 구간 | C5: 주제 | D5: 이 주에 반드시 끝낼 것 | E5: 이 주가 밀리면 생기는 일
B6: D-30 ~ D-25 | C6: 승인 대기 + 미구현 4건 | D6: Play 개발자 계정 등록·신원확인 / 상표 검색 / 베타 테스터 섭외 / 오늘 밀린 UX 4건(스윙 삭제·버튼 좌우·카운트인 5초·정지→홈) / 사운드 톤앤매너 재설계 | E6: 계정 승인은 내가 통제할 수 없습니다. 여기서 밀리면 D-day 전체가 그대로 밀립니다.
B7: D-24 ~ D-18 | C7: 법무 문서 + 결제 구현 | D7: 약관·처리방침 확정 및 공개 URL / IAP 연동 + 복원 / 페이월 / EAS 프로덕션 빌드 / 서명키 백업 / 내부 테스트 업로드 | E7: 결제는 가장 늦게 손대면 안 되는 영역입니다. 테스트에만 며칠이 필요합니다.
B8: D-17 ~ D-11 | C8: 스토어 자산 + 계측 | D8: 스크린샷·Feature Graphic·설명문 / 데이터 안전·콘텐츠 등급 / PostHog 연동 / 크래시 리포팅 / 클로즈드 베타 시작 | E8: 스토어 자산이 없으면 제출 버튼 자체를 못 누릅니다.
B9: D-10 ~ D-4 | C9: QA 집중 + 베타 피드백 | D9: 기종별 크래시 0건 / 결제 시나리오 전수 / 접근성·다크모드·오프라인 / 베타 피드백 정리 / 문구 최종 검수 | E9: 이 구간을 건너뛰면 초기 평점이 무너지고 회복에 수개월 걸립니다.
B10: D-3 ~ D-0 | C10: 제출 | D10: 전체 플로우 리허설 / 오탈자 검수 / 링크 동작 확인 / 단계적 출시 비율 결정 / 심사 제출 | E10: 심사에 며칠 걸릴 수 있으므로 D-0에 제출하면 이미 늦습니다.
B11: D+1 ~ D+30 | C11: 사후 대응 | D11: 크래시 모니터링 / 리뷰 전수 응답 / D7 리텐션 확인 / 핫픽스 / D30 게이트 판정 / 회고 | E11: 출시는 끝이 아니라 측정의 시작입니다. D30 게이트가 1년차 계획 전체를 좌우합니다.
